{
  "experiment": "dense_baseline",
  "train_auc": 0.6778151440012685,
  "val_auc": 0.6467368388364741,
  "test_auc": 0.6552801979342316,
  "test_pr_auc": 0.4219414816229108,
  "test_brier": 0.23434597253799438,
  "best_threshold_val": 0.47999999999999976,
  "test_precision_at_best_threshold": 0.369022869022869,
  "test_recall_at_best_threshold": 0.7239972807613868,
  "test_f1_at_best_threshold": 0.48886848749139317,
  "best_epoch": 76,
  "train_time_sec": 48.88652539253235,
  "loss_type": "bce_weighted",
  "pos_weight": 2.469878494349562,
  "focal_alpha": 0.0,
  "focal_gamma": 0.0
}