{
  "experiment": "embedding_baseline",
  "train_auc": 0.6830209179683542,
  "val_auc": 0.6425448975552668,
  "test_auc": 0.6489443495171929,
  "test_pr_auc": 0.41917246264200986,
  "test_brier": 0.23287516832351685,
  "best_threshold_val": 0.4199999999999998,
  "test_precision_at_best_threshold": 0.3464089991346986,
  "test_recall_at_best_threshold": 0.8164513936097892,
  "test_f1_at_best_threshold": 0.48643175374645603,
  "best_epoch": 33,
  "train_time_sec": 30.189147233963013,
  "loss_type": "bce_weighted",
  "pos_weight": 2.469878494349562,
  "focal_alpha": 0.0,
  "focal_gamma": 0.0
}