{
  "train_loss": [
    0.359436785536153,
    0.20018578984406815,
    0.18040152880198815,
    0.17571087741926938,
    0.17634667327799716,
    0.19082997817577435,
    0.17708570619716363,
    0.16404280999377996,
    0.19224765085998705,
    0.1736461457898136,
    0.17137420571902218,
    0.1850856374166593,
    0.17450810480518503,
    0.168654608313276,
    0.16679905574111378,
    0.17336319966100844,
    0.16251079653616712,
    0.1607445579241304,
    0.16501353267862015,
    0.16558879548135927,
    0.1712434273369673,
    0.1865119076952213,
    0.16354431249514348,
    0.16242925976129138,
    0.16263898715627292,
    0.16837799070136888
  ],
  "val_loss": [
    0.08876353427767754,
    0.07229728847742081,
    0.05657697338610888,
    0.053889162465929986,
    0.05780708342790604,
    0.06546062137931585,
    0.06066066510975361,
    0.05471883676946163,
    0.05519213154911995,
    0.056207801587879656,
    0.05634282846003771,
    0.05990748405456543,
    0.05365833807736635,
    0.07211944311857224,
    0.05413920972496271,
    0.05060301832854748,
    0.05547050777822733,
    0.059704475477337836,
    0.050785816833376886,
    0.05531201958656311,
    0.058979307673871516,
    0.053375841304659846,
    0.050824455358088015,
    0.05338581670075655,
    0.05259436890482903,
    0.05244471523910761
  ],
  "best_val_loss": 0.05060301832854748,
  "best_epoch": 16
}