{
  "model": "06_teacher",
  "val_auc": 0.6377800566969481,
  "val_pr_auc": 0.4183222689413876,
  "test_auc": 0.6450564893013225,
  "test_pr_auc": 0.4271037621238862
}