{
  "Blend_WeightedAUC": {
    "Logistic": 0.08828702289652787,
    "XGBoost": 0.15714740076892939,
    "LightGBM": 0.15024042993265127,
    "RandomForest": 0.1490171841090658,
    "WideDeep": 0.15306405318715496
  },
  "Blend_NNLS": {
    "Logistic": 0.0,
    "XGBoost": 0.2496748080202842,
    "LightGBM": 0.04620456939085728,
    "RandomForest": 0.02249307749282827,
    "WideDeep": 0.6816275450960303
  }
}