{
  "Blend_WeightedAUC": {
    "Logistic": 0.08828702289652787,
    "XGBoost": 0.15714740076892939,
    "LightGBM": 0.15024042993265127,
    "RandomForest": 0.1490171841090658
  },
  "Blend_NNLS": {
    "Logistic": 0.06513312034996416,
    "XGBoost": 0.5865795712823169,
    "LightGBM": 0.17514868739326583,
    "RandomForest": 0.17313862097445312
  }
}