model,test_auc,test_prauc
Teacher (labeled only),0.6450564893013225,0.4271037621238862
