Logistic,XGBoost,LightGBM,RandomForest
1.0,0.4777837317486374,0.46849211916414985,0.4739460809320529
0.4777837317486374,1.0,0.9313403405408895,0.8786344544191427
0.46849211916414985,0.9313403405408895,1.0,0.8691050750816103
0.4739460809320529,0.8786344544191427,0.8691050750816103,1.0
