Logistic,XGBoost,LightGBM,RandomForest,WideDeep
1.0,0.4777837317486374,0.46849211916414985,0.4739460809320528,0.5839595255961925
0.4777837317486374,1.0,0.9313403405408895,0.8786344544191426,0.8341490401620627
0.46849211916414985,0.9313403405408895,1.0,0.8691050750816102,0.8240940017938061
0.4739460809320528,0.8786344544191426,0.8691050750816102,1.0,0.8037755210620339
0.5839595255961925,0.8341490401620627,0.8240940017938061,0.8037755210620339,1.0
