model,val_roc_auc,val_pr_auc,test_roc_auc,test_pr_auc,fixed_threshold,val_best_threshold,test_best_threshold
Blend_WeightedAUC,0.6582761119676805,0.4348339467147051,0.6688472081972249,0.44877405615479843,0.43999999999999984,0.4359554854420057,0.423937861147161
Blend_SimpleAvg,0.6578847630973729,0.43215862939319954,0.6683219177441544,0.44717090454781794,0.43999999999999984,0.44104712643311716,0.4227070791987791
Stacking_OOF,0.6585819701908892,0.4366967215355059,0.6679180352341191,0.44895347222945836,0.43999999999999984,0.2240241850083572,0.22571248640669536
Blend_NNLS,0.6586558625445085,0.4371314442239464,0.6672395350655695,0.44876065485934685,0.43999999999999984,0.4222176592736146,0.4174354535936405
Blend_RankAvg,0.6548977348532834,0.41689534579496645,0.6649509298651194,0.43400177584521893,0.43999999999999984,2029.0,1616.25
