split,threshold,roc_auc,pr_auc,brier_score,precision,recall,f1_score,true_negatives,false_positives,false_negatives,true_positives
Train,0.43999999999999984,0.5937970266420391,0.3549924628660297,0.24399049069559406,0.3145263025104075,0.8473957005692923,0.45877130436782665,7333,21735,1796,9973
Validation,0.43999999999999984,0.5882860228965279,0.3474935572999267,0.24491704200823528,0.31164556962025314,0.8368456832087016,0.4541597491237779,915,2719,240,1231
Test,0.43999999999999984,0.5939871453494397,0.35597433643480497,0.243780075724061,0.31284774911482044,0.840924541128484,0.456036866359447,917,2717,234,1237
