churn_value,count,percentage
0,36336,71.1814602229318
1,14711,28.818539777068192
