SilentChurn_flag,churn_rate,n_customers,MonthlyRevenue,RevenuePerMinute
0,0.2881853977706819,51047,58.83449234638738,0.6505112854982382
